<?xml version="1.0" encoding="UTF-8"?>
<beans xmlns="http://www.springframework.org/schema/beans"
xmlns:xsi="http://www.w3.org/2001/XMLSchema-instance"
xsi:schemaLocation="http://www.springframework.org/schema/beans
					http://www.springframework.org/schema/beans/spring-beans.xsd">
					
			<bean id="a1" class="com.example.setter.Address">
				<property name="addressLine1" value="OMR"></property>
				<property name="city" value="Chennai"></property>
				<property name="state" value="TN"></property>
				<property name="country" value="India"></property>
			</bean>
			
					
			<bean id="a2" class="com.example.setter.Address">
				<property name="addressLine1" value="Ameerpet"></property>
				<property name="city" value="Hyderabad"></property>
				<property name="state" value="Telangana"></property>
				<property name="country" value="India"></property>
			</bean>
			
			<bean id="obj" class="com.example.setter.Employee">
				<property name="id" value="13"></property>
				<property name="name" value="Venkat"></property>
				<property name="address" ref="a1"></property>
			</bean>
			
			<bean id="obj2" class="com.example.setter.Employee">
				<property name="id" value="17"></property>
				<property name="name" value="Ramesh"></property>
				<property name="address" ref="a2"></property>
			</bean>
</beans>