<?xml version="1.0" encoding="UTF-8"?>
<beans xmlns="http://www.springframework.org/schema/beans"
xmlns:xsi="http://www.w3.org/2001/XMLSchema-instance"
xsi:schemaLocation="http://www.springframework.org/schema/beans
					http://www.springframework.org/schema/beans/spring-beans.xsd">
					
			<bean id="custobj" class="com.example.Constructor.Customer">
			<property name="custId" value="101"></property>
			<property name="customerName" value="Krishna"></property>
			<property name="emailId" value="krishna@123"></property>
			<property name="contactNo" value="364572634"></property>
			</bean>					
			
			<bean id="memobj" class="com.example.Constructor.MemberShip">
			<constructor-arg value="121"></constructor-arg>
			<constructor-arg value="20"></constructor-arg>
			<constructor-arg value="Gold"></constructor-arg>
			<constructor-arg ref="custobj"></constructor-arg>
			</bean>
</beans>