<?xml version="1.0" encoding="UTF-8"?>
<beans xmlns="http://www.springframework.org/schema/beans"
xmlns:xsi="http://www.w3.org/2001/XMLSchema-instance"
xsi:schemaLocation="http://www.springframework.org/schema/beans
					http://www.springframework.org/schema/beans/spring-beans.xsd">
					
			<bean id="emailservice" class="com.example.Collections.EmailService"></bean>
			<bean id="smsservice" class="com.example.Collections.SMSService"></bean>
			<bean id="pushnotification" class="com.example.Collections.PushNotificationService"></bean>
			
			<bean id="messageprocessor" class="com.example.Collections.MessageProcessor">
			<property name="messageServices">
			<list>
			<ref bean="emailservice"/>
			<ref bean="smsservice"/>
			<ref bean="pushnotification"/>
			</list>
			</property>
			</bean>
</beans>