<?xml version="1.0" encoding="UTF-8"?>
 <!DOCTYPE hibernate-configuration PUBLIC
    "-//Hibernate/Hibernate Configuration DTD 3.0//EN"
    "http://www.hibernate.org/dtd/hibernate-configuration-3.0.dtd">
    
    <hibernate-configuration>
    <session-factory>
    <property name="hbm2ddl.auto">update</property>
		<property name="dialect">org.hibernate.dialect.MySQL8Dialect</property>

		<property name="connection.url">jdbc:mysql://localhost:3306/productdb</property>
		<property name="connection.username">root</property>
		<property name="connection.password">Admin@123</property>
		<property name="connection.driver_class">com.mysql.cj.jdbc.Driver</property>

		<property name="show_sql">true</property>
		<property name="hibernate.format_sql">true</property>
		<!-- <mapping class="com.orm.Employee"></mapping> -->
		<!-- <mapping class="com.mphasis.orm.onetoone.Adress"></mapping> -->
		<!-- <mapping class="com.mphasis.orm.onetoone.Person"></mapping> -->
		<!--<mapping class="com.mphasis.orm.bidirectional.Department"></mapping>-->
		<!--<mapping class="com.mphasis.orm.bidirectional.Student"></mapping>-->
		
		<!--<mapping class="com.mphasis.orm.manytomany.User"></mapping>-->
		<!--<mapping class="com.mphasis.orm.manytomany.Order"></mapping>-->
		
		<!--<mapping class="com.mphasis.inheritence.single.Employees"></mapping>-->
		<!--<mapping class="com.mphasis.inheritence.table_per_class.FullTimeEmployee"></mapping>-->
		<!--<mapping class="com.mphasis.inheritence.table_per_class.PartTimeEmployee"></mapping>-->
		
		<!--<mapping class="com.mphasis.inheritence.table_per_class.Employee1"></mapping>-->
		<!--<mapping class="com.mphasis.inheritence.table_per_class.FullTimeEmployee"></mapping>-->
		<!--<mapping class="com.mphasis.inheritence.table_per_class.PartTimeEmployee"></mapping>-->
		
		<!--<mapping class="com.mphasis.inheritence.joined.Employee3"></mapping>-->
		<!--<mapping class="com.mphasis.inheritence.joined.FulltimeEmployee1"></mapping>-->
		<!--<mapping class="com.mphasis.inheritence.joined.PartTimeEmployee1"></mapping>-->
		
		
		<!--<mapping class="com.mphasis.HQL.Employeehql"></mapping>-->
		
		
		<mapping class="com.mphasis.HQL.Item"></mapping>
    </session-factory>
    	
  
 </hibernate-configuration>